arm,node,server_role,attack_start_s,t_s,requests,requests_per_s,distinct_clients,client_share,client_jain
baseline,srv1,grayhole,40.0,0.0,15,1.5,5,0.1282051282051282,1.0
baseline,srv1,grayhole,40.0,10.0,25,2.5,5,0.125,1.0
baseline,srv1,grayhole,40.0,20.0,21,2.1,5,0.125,0.9910112359550561
baseline,srv1,grayhole,40.0,30.0,24,2.4,5,0.125,0.993103448275862
baseline,srv1,grayhole,40.0,40.0,18,1.8,5,0.125,0.9529411764705882
baseline,srv1,grayhole,40.0,50.0,14,1.4,5,0.125,0.9333333333333333
baseline,srv1,grayhole,40.0,60.0,9,0.9,5,0.125,0.9529411764705882
baseline,srv1,grayhole,40.0,70.0,16,1.6,5,0.125,0.9481481481481482
baseline,srv1,grayhole,40.0,80.0,10,1.0,5,0.125,0.8333333333333334
baseline,srv1,grayhole,40.0,90.0,13,1.3,5,0.125,0.9657142857142857
baseline,srv1,grayhole,40.0,100.0,9,0.9,5,0.125,0.8526315789473684
baseline,srv1,grayhole,40.0,110.0,11,1.1,5,0.125,0.8962962962962963
baseline,srv1,grayhole,40.0,120.0,13,1.3,5,0.125,0.9657142857142857
baseline,srv1,grayhole,40.0,130.0,15,1.5,5,0.125,0.9183673469387755
baseline,srv1,grayhole,40.0,140.0,11,1.1,5,0.125,0.968
baseline,srv1,grayhole,40.0,150.0,13,1.3,5,0.125,0.9135135135135135
baseline,srv1,grayhole,40.0,160.0,13,1.3,5,0.125,0.8666666666666667
baseline,srv1,grayhole,40.0,170.0,10,1.0,5,0.125,0.9090909090909091
baseline,srv1,grayhole,40.0,180.0,11,1.1,5,0.125,0.8344827586206897
baseline,srv1,grayhole,40.0,190.0,13,1.3,5,0.125,0.9657142857142857
baseline,srv1,grayhole,40.0,200.0,9,0.9,5,0.125,0.8526315789473684
baseline,srv1,grayhole,40.0,210.0,14,1.4,5,0.125,0.8521739130434782
baseline,srv1,grayhole,40.0,220.0,12,1.2,5,0.125,0.8470588235294118
baseline,srv1,grayhole,40.0,230.0,15,1.5,5,0.125,1.0
baseline,srv1,grayhole,40.0,240.0,10,1.0,5,0.125,0.9090909090909091
baseline,srv1,grayhole,40.0,250.0,15,1.5,5,0.125,0.8823529411764706
baseline,srv1,grayhole,40.0,260.0,14,1.4,5,0.125,0.8166666666666667
baseline,srv1,grayhole,40.0,270.0,16,1.6,5,0.125,0.9846153846153847
baseline,srv1,grayhole,40.0,280.0,10,1.0,5,0.125,0.9090909090909091
baseline,srv1,grayhole,40.0,290.0,13,1.3,5,0.125,0.9135135135135135
baseline,srv1,grayhole,40.0,300.0,6,0.6,5,0.125,0.9
baseline,srv2,none,0.0,0.0,15,1.5,5,0.1282051282051282,1.0
baseline,srv2,none,0.0,10.0,25,2.5,5,0.125,1.0
baseline,srv2,none,0.0,20.0,23,2.3,5,0.125,0.9887850467289719
baseline,srv2,none,0.0,30.0,23,2.3,5,0.125,0.9887850467289719
baseline,srv2,none,0.0,40.0,24,2.4,5,0.125,0.993103448275862
baseline,srv2,none,0.0,50.0,24,2.4,5,0.125,0.993103448275862
baseline,srv2,none,0.0,60.0,24,2.4,5,0.125,0.993103448275862
baseline,srv2,none,0.0,70.0,25,2.5,5,0.125,1.0
baseline,srv2,none,0.0,80.0,24,2.4,5,0.125,0.993103448275862
baseline,srv2,none,0.0,90.0,22,2.2,5,0.125,0.9877551020408163
baseline,srv2,none,0.0,100.0,25,2.5,5,0.125,1.0
baseline,srv2,none,0.0,110.0,24,2.4,5,0.125,0.993103448275862
baseline,srv2,none,0.0,120.0,24,2.4,5,0.125,0.993103448275862
baseline,srv2,none,0.0,130.0,23,2.3,5,0.125,0.9887850467289719
baseline,srv2,none,0.0,140.0,24,2.4,5,0.125,0.993103448275862
baseline,srv2,none,0.0,150.0,25,2.5,5,0.125,1.0
baseline,srv2,none,0.0,160.0,23,2.3,5,0.125,0.9887850467289719
baseline,srv2,none,0.0,170.0,25,2.5,5,0.125,1.0
baseline,srv2,none,0.0,180.0,23,2.3,5,0.125,0.9887850467289719
baseline,srv2,none,0.0,190.0,24,2.4,5,0.125,0.993103448275862
baseline,srv2,none,0.0,200.0,23,2.3,5,0.125,0.9887850467289719
baseline,srv2,none,0.0,210.0,25,2.5,5,0.125,1.0
baseline,srv2,none,0.0,220.0,23,2.3,5,0.125,0.9887850467289719
baseline,srv2,none,0.0,230.0,26,2.6,5,0.125,0.9941176470588236
baseline,srv2,none,0.0,240.0,23,2.3,5,0.125,0.9887850467289719
baseline,srv2,none,0.0,250.0,24,2.4,5,0.125,0.993103448275862
baseline,srv2,none,0.0,260.0,24,2.4,5,0.125,0.993103448275862
baseline,srv2,none,0.0,270.0,24,2.4,5,0.125,0.976271186440678
baseline,srv2,none,0.0,280.0,25,2.5,5,0.125,1.0
baseline,srv2,none,0.0,290.0,24,2.4,5,0.125,0.993103448275862
baseline,srv2,none,0.0,300.0,13,1.3,5,0.125,0.9657142857142857
baseline,srv3,sybil,20.0,0.0,15,1.5,5,0.1282051282051282,1.0
baseline,srv3,sybil,20.0,10.0,25,2.5,5,0.125,1.0
baseline,srv3,sybil,20.0,20.0,21,2.1,5,0.125,0.9910112359550561
baseline,srv3,sybil,20.0,30.0,23,2.3,5,0.125,0.9887850467289719
baseline,srv3,sybil,20.0,40.0,22,2.2,5,0.125,0.9877551020408163
baseline,srv3,sybil,20.0,50.0,21,2.1,5,0.125,0.9910112359550561
baseline,srv3,sybil,20.0,60.0,23,2.3,5,0.125,0.9887850467289719
baseline,srv3,sybil,20.0,70.0,21,2.1,5,0.125,0.9910112359550561
baseline,srv3,sybil,20.0,80.0,20,2.0,5,0.125,1.0
baseline,srv3,sybil,20.0,90.0,23,2.3,5,0.125,0.9887850467289719
baseline,srv3,sybil,20.0,100.0,21,2.1,5,0.125,0.9910112359550561
baseline,srv3,sybil,20.0,110.0,22,2.2,5,0.125,0.9877551020408163
baseline,srv3,sybil,20.0,120.0,23,2.3,5,0.125,0.9887850467289719
baseline,srv3,sybil,20.0,130.0,20,2.0,5,0.125,1.0
baseline,srv3,sybil,20.0,140.0,22,2.2,5,0.125,0.9877551020408163
baseline,srv3,sybil,20.0,150.0,22,2.2,5,0.125,0.9877551020408163
baseline,srv3,sybil,20.0,160.0,20,2.0,5,0.125,1.0
baseline,srv3,sybil,20.0,170.0,21,2.1,5,0.125,0.9910112359550561
baseline,srv3,sybil,20.0,180.0,23,2.3,5,0.125,0.9887850467289719
baseline,srv3,sybil,20.0,190.0,22,2.2,5,0.125,0.9877551020408163
baseline,srv3,sybil,20.0,200.0,23,2.3,5,0.125,0.9887850467289719
baseline,srv3,sybil,20.0,210.0,20,2.0,5,0.125,1.0
baseline,srv3,sybil,20.0,220.0,23,2.3,5,0.125,0.9887850467289719
baseline,srv3,sybil,20.0,230.0,22,2.2,5,0.125,0.9877551020408163
baseline,srv3,sybil,20.0,240.0,22,2.2,5,0.125,0.9877551020408163
baseline,srv3,sybil,20.0,250.0,21,2.1,5,0.125,0.9910112359550561
baseline,srv3,sybil,20.0,260.0,22,2.2,5,0.125,0.9877551020408163
baseline,srv3,sybil,20.0,270.0,22,2.2,5,0.125,0.9877551020408163
baseline,srv3,sybil,20.0,280.0,22,2.2,5,0.125,0.9877551020408163
baseline,srv3,sybil,20.0,290.0,22,2.2,5,0.125,0.9877551020408163
baseline,srv3,sybil,20.0,300.0,13,1.3,5,0.125,0.9657142857142857
baseline,srv4,none,0.0,0.0,15,1.5,5,0.1282051282051282,1.0
baseline,srv4,none,0.0,10.0,25,2.5,5,0.125,1.0
baseline,srv4,none,0.0,20.0,23,2.3,5,0.125,0.9887850467289719
baseline,srv4,none,0.0,30.0,24,2.4,5,0.125,0.993103448275862
baseline,srv4,none,0.0,40.0,23,2.3,5,0.125,0.9887850467289719
baseline,srv4,none,0.0,50.0,24,2.4,5,0.125,0.993103448275862
baseline,srv4,none,0.0,60.0,24,2.4,5,0.125,0.993103448275862
baseline,srv4,none,0.0,70.0,25,2.5,5,0.125,1.0
baseline,srv4,none,0.0,80.0,27,2.7,5,0.125,0.9406451612903226
baseline,srv4,none,0.0,90.0,24,2.4,5,0.125,0.993103448275862
baseline,srv4,none,0.0,100.0,24,2.4,5,0.125,0.993103448275862
baseline,srv4,none,0.0,110.0,23,2.3,5,0.125,0.9887850467289719
baseline,srv4,none,0.0,120.0,24,2.4,5,0.125,0.993103448275862
baseline,srv4,none,0.0,130.0,23,2.3,5,0.125,0.9887850467289719
baseline,srv4,none,0.0,140.0,25,2.5,5,0.125,1.0
baseline,srv4,none,0.0,150.0,24,2.4,5,0.125,0.993103448275862
baseline,srv4,none,0.0,160.0,25,2.5,5,0.125,1.0
baseline,srv4,none,0.0,170.0,21,2.1,5,0.125,0.9910112359550561
baseline,srv4,none,0.0,180.0,25,2.5,5,0.125,1.0
baseline,srv4,none,0.0,190.0,24,2.4,5,0.125,0.993103448275862
baseline,srv4,none,0.0,200.0,25,2.5,5,0.125,1.0
baseline,srv4,none,0.0,210.0,24,2.4,5,0.125,0.993103448275862
baseline,srv4,none,0.0,220.0,23,2.3,5,0.125,0.9887850467289719
baseline,srv4,none,0.0,230.0,25,2.5,5,0.125,1.0
baseline,srv4,none,0.0,240.0,22,2.2,5,0.125,0.9877551020408163
baseline,srv4,none,0.0,250.0,24,2.4,5,0.125,0.993103448275862
baseline,srv4,none,0.0,260.0,25,2.5,5,0.125,1.0
baseline,srv4,none,0.0,270.0,24,2.4,5,0.125,0.993103448275862
baseline,srv4,none,0.0,280.0,24,2.4,5,0.125,0.993103448275862
baseline,srv4,none,0.0,290.0,24,2.4,5,0.125,0.993103448275862
baseline,srv4,none,0.0,300.0,14,1.4,5,0.125,0.98
baseline,srv5,none,0.0,0.0,15,1.5,5,0.1282051282051282,1.0
baseline,srv5,none,0.0,10.0,25,2.5,5,0.125,1.0
baseline,srv5,none,0.0,20.0,22,2.2,5,0.125,0.9877551020408163
baseline,srv5,none,0.0,30.0,24,2.4,5,0.125,0.993103448275862
baseline,srv5,none,0.0,40.0,24,2.4,5,0.125,0.993103448275862
baseline,srv5,none,0.0,50.0,25,2.5,5,0.125,1.0
baseline,srv5,none,0.0,60.0,64,6.4,5,0.125,0.3727024567788899
baseline,srv5,none,0.0,70.0,100,10.0,5,0.125,0.3076923076923077
baseline,srv5,none,0.0,80.0,100,10.0,5,0.125,0.30066145520144316
baseline,srv5,none,0.0,90.0,98,9.8,5,0.125,0.2895387398251432
baseline,srv5,none,0.0,100.0,100,10.0,5,0.125,0.3076923076923077
baseline,srv5,none,0.0,110.0,101,10.1,5,0.125,0.30629034679477557
baseline,srv5,none,0.0,120.0,100,10.0,5,0.125,0.3076923076923077
baseline,srv5,none,0.0,130.0,98,9.8,5,0.125,0.2895387398251432
baseline,srv5,none,0.0,140.0,100,10.0,5,0.125,0.30066145520144316
baseline,srv5,none,0.0,150.0,101,10.1,5,0.125,0.30629034679477557
baseline,srv5,none,0.0,160.0,101,10.1,5,0.125,0.29266963132979484
baseline,srv5,none,0.0,170.0,100,10.0,5,0.125,0.30066145520144316
baseline,srv5,none,0.0,180.0,102,10.2,5,0.125,0.3049237983587339
baseline,srv5,none,0.0,190.0,98,9.8,5,0.125,0.31060802069857696
baseline,srv5,none,0.0,200.0,99,9.9,5,0.125,0.288391937619538
baseline,srv5,none,0.0,210.0,101,10.1,5,0.125,0.30629034679477557
baseline,srv5,none,0.0,220.0,100,10.0,5,0.125,0.30066145520144316
baseline,srv5,none,0.0,230.0,97,9.7,5,0.125,0.2976118930887237
baseline,srv5,none,0.0,240.0,100,10.0,5,0.125,0.3076923076923077
baseline,srv5,none,0.0,250.0,98,9.8,5,0.125,0.303348073278585
baseline,srv5,none,0.0,260.0,101,10.1,5,0.125,0.30629034679477557
baseline,srv5,none,0.0,270.0,98,9.8,5,0.125,0.2895387398251432
baseline,srv5,none,0.0,280.0,99,9.9,5,0.125,0.3091310518845608
baseline,srv5,none,0.0,290.0,99,9.9,5,0.125,0.3091310518845608
baseline,srv5,none,0.0,300.0,55,5.5,5,0.125,0.29497805948317896
baseline,srv6,drop,30.0,0.0,12,1.2,4,0.10256410256410256,1.0
baseline,srv6,drop,30.0,10.0,21,2.1,5,0.125,0.8732673267326733
baseline,srv6,drop,30.0,20.0,23,2.3,5,0.125,0.9887850467289719
baseline,srv6,drop,30.0,30.0,14,1.4,5,0.125,0.98
baseline,srv6,drop,30.0,40.0,9,0.9,5,0.125,0.9529411764705882
baseline,srv6,drop,30.0,50.0,10,1.0,5,0.125,1.0
baseline,srv6,drop,30.0,60.0,5,0.5,5,0.125,1.0
baseline,srv6,drop,30.0,70.0,10,1.0,5,0.125,1.0
baseline,srv6,drop,30.0,80.0,9,0.9,5,0.125,0.9529411764705882
baseline,srv6,drop,30.0,90.0,6,0.6,5,0.125,0.9
baseline,srv6,drop,30.0,100.0,10,1.0,5,0.125,1.0
baseline,srv6,drop,30.0,110.0,8,0.8,5,0.125,0.9142857142857143
baseline,srv6,drop,30.0,120.0,7,0.7,5,0.125,0.8909090909090909
baseline,srv6,drop,30.0,130.0,10,1.0,5,0.125,1.0
baseline,srv6,drop,30.0,140.0,7,0.7,5,0.125,0.8909090909090909
baseline,srv6,drop,30.0,150.0,8,0.8,5,0.125,0.9142857142857143
baseline,srv6,drop,30.0,160.0,10,1.0,5,0.125,1.0
baseline,srv6,drop,30.0,170.0,7,0.7,5,0.125,0.8909090909090909
baseline,srv6,drop,30.0,180.0,8,0.8,5,0.125,0.9142857142857143
baseline,srv6,drop,30.0,190.0,10,1.0,5,0.125,1.0
baseline,srv6,drop,30.0,200.0,7,0.7,5,0.125,0.8909090909090909
baseline,srv6,drop,30.0,210.0,8,0.8,5,0.125,0.9142857142857143
baseline,srv6,drop,30.0,220.0,10,1.0,5,0.125,1.0
baseline,srv6,drop,30.0,230.0,6,0.6,5,0.125,0.9
baseline,srv6,drop,30.0,240.0,9,0.9,5,0.125,0.9529411764705882
baseline,srv6,drop,30.0,250.0,8,0.8,5,0.125,0.9142857142857143
baseline,srv6,drop,30.0,260.0,8,0.8,5,0.125,0.9142857142857143
baseline,srv6,drop,30.0,270.0,9,0.9,5,0.125,0.9529411764705882
baseline,srv6,drop,30.0,280.0,8,0.8,5,0.125,0.9142857142857143
baseline,srv6,drop,30.0,290.0,7,0.7,5,0.125,0.8909090909090909
baseline,srv6,drop,30.0,300.0,5,0.5,5,0.125,1.0
baseline,srv7,none,0.0,0.0,15,1.5,5,0.1282051282051282,1.0
baseline,srv7,none,0.0,10.0,25,2.5,5,0.125,1.0
baseline,srv7,none,0.0,20.0,22,2.2,5,0.125,0.9877551020408163
baseline,srv7,none,0.0,30.0,23,2.3,5,0.125,0.9887850467289719
baseline,srv7,none,0.0,40.0,25,2.5,5,0.125,1.0
baseline,srv7,none,0.0,50.0,23,2.3,5,0.125,0.9887850467289719
baseline,srv7,none,0.0,60.0,24,2.4,5,0.125,0.993103448275862
baseline,srv7,none,0.0,70.0,23,2.3,5,0.125,0.9887850467289719
baseline,srv7,none,0.0,80.0,24,2.4,5,0.125,0.993103448275862
baseline,srv7,none,0.0,90.0,23,2.3,5,0.125,0.9887850467289719
baseline,srv7,none,0.0,100.0,25,2.5,5,0.125,1.0
baseline,srv7,none,0.0,110.0,22,2.2,5,0.125,0.9877551020408163
baseline,srv7,none,0.0,120.0,23,2.3,5,0.125,0.9887850467289719
baseline,srv7,none,0.0,130.0,25,2.5,5,0.125,1.0
baseline,srv7,none,0.0,140.0,25,2.5,5,0.125,1.0
baseline,srv7,none,0.0,150.0,21,2.1,5,0.125,0.9910112359550561
baseline,srv7,none,0.0,160.0,24,2.4,5,0.125,0.993103448275862
baseline,srv7,none,0.0,170.0,25,2.5,5,0.125,1.0
baseline,srv7,none,0.0,180.0,24,2.4,5,0.125,0.993103448275862
baseline,srv7,none,0.0,190.0,21,2.1,5,0.125,0.9910112359550561
baseline,srv7,none,0.0,200.0,25,2.5,5,0.125,1.0
baseline,srv7,none,0.0,210.0,24,2.4,5,0.125,0.993103448275862
baseline,srv7,none,0.0,220.0,23,2.3,5,0.125,0.9887850467289719
baseline,srv7,none,0.0,230.0,23,2.3,5,0.125,0.9887850467289719
baseline,srv7,none,0.0,240.0,24,2.4,5,0.125,0.993103448275862
baseline,srv7,none,0.0,250.0,24,2.4,5,0.125,0.993103448275862
baseline,srv7,none,0.0,260.0,24,2.4,5,0.125,0.993103448275862
baseline,srv7,none,0.0,270.0,22,2.2,5,0.125,0.9877551020408163
baseline,srv7,none,0.0,280.0,25,2.5,5,0.125,1.0
baseline,srv7,none,0.0,290.0,23,2.3,5,0.125,0.9887850467289719
baseline,srv7,none,0.0,300.0,14,1.4,5,0.125,0.98
baseline,srv8,onoff,50.0,0.0,15,1.5,5,0.1282051282051282,1.0
baseline,srv8,onoff,50.0,10.0,25,2.5,5,0.125,1.0
baseline,srv8,onoff,50.0,20.0,24,2.4,5,0.125,0.993103448275862
baseline,srv8,onoff,50.0,30.0,22,2.2,5,0.125,0.9877551020408163
baseline,srv8,onoff,50.0,40.0,24,2.4,5,0.125,0.993103448275862
baseline,srv8,onoff,50.0,50.0,22,2.2,5,0.125,0.9877551020408163
baseline,srv8,onoff,50.0,60.0,24,2.4,5,0.125,0.993103448275862
baseline,srv8,onoff,50.0,70.0,23,2.3,5,0.125,0.9887850467289719
baseline,srv8,onoff,50.0,80.0,23,2.3,5,0.125,0.9887850467289719
baseline,srv8,onoff,50.0,90.0,24,2.4,5,0.125,0.993103448275862
baseline,srv8,onoff,50.0,100.0,22,2.2,5,0.125,0.9877551020408163
baseline,srv8,onoff,50.0,110.0,24,2.4,5,0.125,0.993103448275862
baseline,srv8,onoff,50.0,120.0,22,2.2,5,0.125,0.9877551020408163
baseline,srv8,onoff,50.0,130.0,23,2.3,5,0.125,0.9887850467289719
baseline,srv8,onoff,50.0,140.0,23,2.3,5,0.125,0.9887850467289719
baseline,srv8,onoff,50.0,150.0,24,2.4,5,0.125,0.993103448275862
baseline,srv8,onoff,50.0,160.0,22,2.2,5,0.125,0.9877551020408163
baseline,srv8,onoff,50.0,170.0,23,2.3,5,0.125,0.9887850467289719
baseline,srv8,onoff,50.0,180.0,23,2.3,5,0.125,0.9887850467289719
baseline,srv8,onoff,50.0,190.0,22,2.2,5,0.125,0.9877551020408163
baseline,srv8,onoff,50.0,200.0,24,2.4,5,0.125,0.993103448275862
baseline,srv8,onoff,50.0,210.0,21,2.1,5,0.125,0.9910112359550561
baseline,srv8,onoff,50.0,220.0,24,2.4,5,0.125,0.993103448275862
baseline,srv8,onoff,50.0,230.0,24,2.4,5,0.125,0.993103448275862
baseline,srv8,onoff,50.0,240.0,23,2.3,5,0.125,0.9887850467289719
baseline,srv8,onoff,50.0,250.0,23,2.3,5,0.125,0.9887850467289719
baseline,srv8,onoff,50.0,260.0,22,2.2,5,0.125,0.9877551020408163
baseline,srv8,onoff,50.0,270.0,23,2.3,5,0.125,0.9887850467289719
baseline,srv8,onoff,50.0,280.0,24,2.4,5,0.125,0.993103448275862
baseline,srv8,onoff,50.0,290.0,22,2.2,5,0.125,0.9877551020408163
baseline,srv8,onoff,50.0,300.0,13,1.3,5,0.125,0.9657142857142857
zero_trust,srv1,grayhole,40.0,0.0,15,1.5,13,0.35135135135135137,0.9109311740890689
zero_trust,srv1,grayhole,40.0,10.0,18,1.8,17,0.4594594594594595,0.9529411764705882
zero_trust,srv1,grayhole,40.0,20.0,19,1.9,17,0.4594594594594595,0.9232736572890026
zero_trust,srv1,grayhole,40.0,30.0,18,1.8,16,0.43243243243243246,0.9204545454545454
zero_trust,srv1,grayhole,40.0,40.0,17,1.7,14,0.3783783783783784,0.8975155279503105
zero_trust,srv1,grayhole,40.0,50.0,5,0.5,4,0.10810810810810811,0.8928571428571429
zero_trust,srv1,grayhole,40.0,60.0,13,1.3,11,0.2972972972972973,0.9037433155080213
zero_trust,srv1,grayhole,40.0,70.0,2,0.2,2,0.05405405405405406,1.0
zero_trust,srv1,grayhole,40.0,80.0,2,0.2,2,0.05405405405405406,1.0
zero_trust,srv1,grayhole,40.0,90.0,2,0.2,2,0.05405405405405406,1.0
zero_trust,srv1,grayhole,40.0,100.0,2,0.2,2,0.05405405405405406,1.0
zero_trust,srv1,grayhole,40.0,110.0,2,0.2,2,0.05405405405405406,1.0
zero_trust,srv1,grayhole,40.0,120.0,2,0.2,2,0.05405405405405406,1.0
zero_trust,srv1,grayhole,40.0,130.0,2,0.2,2,0.05405405405405406,1.0
zero_trust,srv1,grayhole,40.0,140.0,2,0.2,2,0.05405405405405406,1.0
zero_trust,srv1,grayhole,40.0,150.0,2,0.2,2,0.05405405405405406,1.0
zero_trust,srv1,grayhole,40.0,160.0,2,0.2,1,0.02702702702702703,1.0
zero_trust,srv1,grayhole,40.0,170.0,1,0.1,1,0.02702702702702703,1.0
zero_trust,srv1,grayhole,40.0,180.0,2,0.2,2,0.05405405405405406,1.0
zero_trust,srv1,grayhole,40.0,190.0,2,0.2,2,0.05405405405405406,1.0
zero_trust,srv1,grayhole,40.0,200.0,12,1.2,11,0.2972972972972973,0.935064935064935
zero_trust,srv1,grayhole,40.0,210.0,0,0.0,0,0.0,
zero_trust,srv1,grayhole,40.0,220.0,10,1.0,10,0.2702702702702703,1.0
zero_trust,srv1,grayhole,40.0,230.0,5,0.5,4,0.10810810810810811,0.8928571428571429
zero_trust,srv1,grayhole,40.0,240.0,4,0.4,4,0.10810810810810811,1.0
zero_trust,srv1,grayhole,40.0,250.0,0,0.0,0,0.0,
zero_trust,srv1,grayhole,40.0,260.0,3,0.3,2,0.05405405405405406,0.9
zero_trust,srv1,grayhole,40.0,270.0,0,0.0,0,0.0,
zero_trust,srv1,grayhole,40.0,280.0,2,0.2,2,0.05405405405405406,1.0
zero_trust,srv1,grayhole,40.0,290.0,2,0.2,2,0.05405405405405406,1.0
zero_trust,srv1,grayhole,40.0,300.0,2,0.2,1,0.02702702702702703,1.0
zero_trust,srv1,grayhole,40.0,310.0,1,0.1,1,0.02702702702702703,1.0
zero_trust,srv2,none,0.0,0.0,16,1.6,15,0.40540540540540543,0.9481481481481482
zero_trust,srv2,none,0.0,10.0,18,1.8,16,0.43243243243243246,0.9204545454545454
zero_trust,srv2,none,0.0,20.0,15,1.5,14,0.3783783783783784,0.9453781512605042
zero_trust,srv2,none,0.0,30.0,24,2.4,18,0.4864864864864865,0.8421052631578947
zero_trust,srv2,none,0.0,40.0,17,1.7,16,0.43243243243243246,0.9506578947368421
zero_trust,srv2,none,0.0,50.0,23,2.3,17,0.4594594594594595,0.8410174880763116
zero_trust,srv2,none,0.0,60.0,34,3.4,21,0.5675675675675675,0.8878648233486943
zero_trust,srv2,none,0.0,70.0,55,5.5,28,0.7567567567567568,0.43387837062535856
zero_trust,srv2,none,0.0,80.0,43,4.3,24,0.6486486486486487,0.35833333333333334
zero_trust,srv2,none,0.0,90.0,51,5.1,25,0.6756756756756757,0.43531380753138077
zero_trust,srv2,none,0.0,100.0,31,3.1,22,0.5945945945945946,0.6330698287220027
zero_trust,srv2,none,0.0,110.0,42,4.2,19,0.5135135135135135,0.3094736842105263
zero_trust,srv2,none,0.0,120.0,41,4.1,21,0.5675675675675675,0.5098574461631786
zero_trust,srv2,none,0.0,130.0,55,5.5,28,0.7567567567567568,0.3900206291903043
zero_trust,srv2,none,0.0,140.0,43,4.3,27,0.7297297297297297,0.522759400621996
zero_trust,srv2,none,0.0,150.0,36,3.6,22,0.5945945945945946,0.6266924564796905
zero_trust,srv2,none,0.0,160.0,51,5.1,28,0.7567567567567568,0.6406403940886699
zero_trust,srv2,none,0.0,170.0,31,3.1,18,0.4864864864864865,0.6758087201125176
zero_trust,srv2,none,0.0,180.0,39,3.9,20,0.5405405405405406,0.3570422535211268
zero_trust,srv2,none,0.0,190.0,56,5.6,29,0.7837837837837838,0.3054743814533411
zero_trust,srv2,none,0.0,200.0,48,4.8,27,0.7297297297297297,0.463768115942029
zero_trust,srv2,none,0.0,210.0,50,5.0,26,0.7027027027027027,0.31017369727047145
zero_trust,srv2,none,0.0,220.0,45,4.5,27,0.7297297297297297,0.47770700636942676
zero_trust,srv2,none,0.0,230.0,61,6.1,30,0.8108108108108109,0.33613369467028004
zero_trust,srv2,none,0.0,240.0,47,4.7,26,0.7027027027027027,0.418529746115953
zero_trust,srv2,none,0.0,250.0,78,7.8,29,0.7837837837837838,0.28274003160144995
zero_trust,srv2,none,0.0,260.0,55,5.5,26,0.7027027027027027,0.5411449016100179
zero_trust,srv2,none,0.0,270.0,56,5.6,28,0.7567567567567568,0.37583892617449666
zero_trust,srv2,none,0.0,280.0,62,6.2,28,0.7567567567567568,0.3813492063492063
zero_trust,srv2,none,0.0,290.0,61,6.1,27,0.7297297297297297,0.2889199472008696
zero_trust,srv2,none,0.0,300.0,40,4.0,25,0.6756756756756757,0.4507042253521127
zero_trust,srv2,none,0.0,310.0,26,2.6,17,0.4594594594594595,0.7952941176470588
zero_trust,srv3,sybil,20.0,0.0,25,2.5,18,0.4864864864864865,0.8903133903133903
zero_trust,srv3,sybil,20.0,10.0,17,1.7,14,0.3783783783783784,0.8975155279503105
zero_trust,srv3,sybil,20.0,20.0,1,0.1,1,0.02702702702702703,1.0
zero_trust,srv3,sybil,20.0,30.0,0,0.0,0,0.0,
zero_trust,srv3,sybil,20.0,40.0,0,0.0,0,0.0,
zero_trust,srv3,sybil,20.0,50.0,0,0.0,0,0.0,
zero_trust,srv3,sybil,20.0,60.0,0,0.0,0,0.0,
zero_trust,srv3,sybil,20.0,70.0,0,0.0,0,0.0,
zero_trust,srv3,sybil,20.0,80.0,1,0.1,1,0.02702702702702703,1.0
zero_trust,srv3,sybil,20.0,90.0,2,0.2,2,0.05405405405405406,1.0
zero_trust,srv3,sybil,20.0,100.0,0,0.0,0,0.0,
zero_trust,srv3,sybil,20.0,110.0,0,0.0,0,0.0,
zero_trust,srv3,sybil,20.0,120.0,1,0.1,1,0.02702702702702703,1.0
zero_trust,srv3,sybil,20.0,130.0,0,0.0,0,0.0,
zero_trust,srv3,sybil,20.0,140.0,1,0.1,1,0.02702702702702703,1.0
zero_trust,srv3,sybil,20.0,150.0,0,0.0,0,0.0,
zero_trust,srv3,sybil,20.0,160.0,0,0.0,0,0.0,
zero_trust,srv3,sybil,20.0,170.0,0,0.0,0,0.0,
zero_trust,srv3,sybil,20.0,180.0,0,0.0,0,0.0,
zero_trust,srv3,sybil,20.0,190.0,0,0.0,0,0.0,
zero_trust,srv3,sybil,20.0,200.0,0,0.0,0,0.0,
zero_trust,srv3,sybil,20.0,210.0,0,0.0,0,0.0,
zero_trust,srv3,sybil,20.0,220.0,0,0.0,0,0.0,
zero_trust,srv3,sybil,20.0,230.0,0,0.0,0,0.0,
zero_trust,srv3,sybil,20.0,240.0,0,0.0,0,0.0,
zero_trust,srv3,sybil,20.0,250.0,0,0.0,0,0.0,
zero_trust,srv3,sybil,20.0,260.0,0,0.0,0,0.0,
zero_trust,srv3,sybil,20.0,270.0,3,0.3,3,0.08108108108108109,1.0
zero_trust,srv3,sybil,20.0,280.0,0,0.0,0,0.0,
zero_trust,srv3,sybil,20.0,290.0,0,0.0,0,0.0,
zero_trust,srv3,sybil,20.0,300.0,0,0.0,0,0.0,
zero_trust,srv3,sybil,20.0,310.0,0,0.0,0,0.0,
zero_trust,srv4,none,0.0,0.0,15,1.5,13,0.35135135135135137,0.9109311740890689
zero_trust,srv4,none,0.0,10.0,32,3.2,22,0.5945945945945946,0.8025078369905956
zero_trust,srv4,none,0.0,20.0,26,2.6,19,0.5135135135135135,0.8894736842105263
zero_trust,srv4,none,0.0,30.0,31,3.1,22,0.5945945945945946,0.8241852487135506
zero_trust,srv4,none,0.0,40.0,35,3.5,24,0.6486486486486487,0.8651129943502824
zero_trust,srv4,none,0.0,50.0,37,3.7,26,0.7027027027027027,0.8357753357753358
zero_trust,srv4,none,0.0,60.0,31,3.1,23,0.6216216216216216,0.8889916743755781
zero_trust,srv4,none,0.0,70.0,55,5.5,30,0.8108108108108109,0.26605101143359716
zero_trust,srv4,none,0.0,80.0,46,4.6,22,0.5945945945945946,0.3459777632439503
zero_trust,srv4,none,0.0,90.0,44,4.4,24,0.6486486486486487,0.5041666666666667
zero_trust,srv4,none,0.0,100.0,41,4.1,24,0.6486486486486487,0.6800161812297735
zero_trust,srv4,none,0.0,110.0,37,3.7,22,0.5945945945945946,0.5606060606060606
zero_trust,srv4,none,0.0,120.0,30,3.0,17,0.4594594594594595,0.4726890756302521
zero_trust,srv4,none,0.0,130.0,50,5.0,22,0.5945945945945946,0.3891656288916563
zero_trust,srv4,none,0.0,140.0,47,4.7,26,0.7027027027027027,0.4144465290806754
zero_trust,srv4,none,0.0,150.0,54,5.4,27,0.7297297297297297,0.5934065934065934
zero_trust,srv4,none,0.0,160.0,66,6.6,33,0.8918918918918919,0.5892857142857143
zero_trust,srv4,none,0.0,170.0,26,2.6,15,0.40540540540540543,0.37555555555555553
zero_trust,srv4,none,0.0,180.0,48,4.8,24,0.6486486486486487,0.41739130434782606
zero_trust,srv4,none,0.0,190.0,37,3.7,17,0.4594594594594595,0.34267834793491864
zero_trust,srv4,none,0.0,200.0,33,3.3,20,0.5405405405405406,0.41564885496183207
zero_trust,srv4,none,0.0,210.0,31,3.1,21,0.5675675675675675,0.7040293040293041
zero_trust,srv4,none,0.0,220.0,41,4.1,23,0.6216216216216216,0.39083933968844453
zero_trust,srv4,none,0.0,230.0,46,4.6,27,0.7297297297297297,0.4039709812905689
zero_trust,srv4,none,0.0,240.0,67,6.7,32,0.8648648648648649,0.33802710843373496
zero_trust,srv4,none,0.0,250.0,45,4.5,25,0.6756756756756757,0.3306122448979592
zero_trust,srv4,none,0.0,260.0,52,5.2,26,0.7027027027027027,0.45614035087719296
zero_trust,srv4,none,0.0,270.0,42,4.2,24,0.6486486486486487,0.48355263157894735
zero_trust,srv4,none,0.0,280.0,52,5.2,26,0.7027027027027027,0.3586206896551724
zero_trust,srv4,none,0.0,290.0,54,5.4,24,0.6486486486486487,0.2607296137339056
zero_trust,srv4,none,0.0,300.0,54,5.4,28,0.7567567567567568,0.39151450053705694
zero_trust,srv4,none,0.0,310.0,31,3.1,17,0.4594594594594595,0.3793920252664824
zero_trust,srv5,none,0.0,0.0,12,1.2,11,0.2972972972972973,0.935064935064935
zero_trust,srv5,none,0.0,10.0,23,2.3,19,0.5135135135135135,0.8981324278438031
zero_trust,srv5,none,0.0,20.0,20,2.0,18,0.4864864864864865,0.8547008547008547
zero_trust,srv5,none,0.0,30.0,22,2.2,16,0.43243243243243246,0.8897058823529411
zero_trust,srv5,none,0.0,40.0,19,1.9,17,0.4594594594594595,0.9232736572890026
zero_trust,srv5,none,0.0,50.0,47,4.7,30,0.8108108108108109,0.7437710437710437
zero_trust,srv5,none,0.0,60.0,30,3.0,21,0.5675675675675675,0.8241758241758241
zero_trust,srv5,none,0.0,70.0,47,4.7,24,0.6486486486486487,0.6015795206971678
zero_trust,srv5,none,0.0,80.0,81,8.1,30,0.8108108108108109,0.2858823529411765
zero_trust,srv5,none,0.0,90.0,63,6.3,25,0.6756756756756757,0.3233401221995927
zero_trust,srv5,none,0.0,100.0,83,8.3,33,0.8918918918918919,0.4958612250773771
zero_trust,srv5,none,0.0,110.0,85,8.5,33,0.8918918918918919,0.41076809369492295
zero_trust,srv5,none,0.0,120.0,80,8.0,33,0.8918918918918919,0.36048214486876196
zero_trust,srv5,none,0.0,130.0,48,4.8,25,0.6756756756756757,0.44737864077669903
zero_trust,srv5,none,0.0,140.0,56,5.6,30,0.8108108108108109,0.3929824561403509
zero_trust,srv5,none,0.0,150.0,67,6.7,33,0.8918918918918919,0.3570349160900342
zero_trust,srv5,none,0.0,160.0,46,4.6,24,0.6486486486486487,0.43646864686468645
zero_trust,srv5,none,0.0,170.0,39,3.9,26,0.7027027027027027,0.7222222222222222
zero_trust,srv5,none,0.0,180.0,73,7.3,27,0.7297297297297297,0.30411459225018544
zero_trust,srv5,none,0.0,190.0,51,5.1,26,0.7027027027027027,0.3196116982059474
zero_trust,srv5,none,0.0,200.0,64,6.4,27,0.7297297297297297,0.38116508468267263
zero_trust,srv5,none,0.0,210.0,49,4.9,26,0.7027027027027027,0.5735785953177257
zero_trust,srv5,none,0.0,220.0,52,5.2,26,0.7027027027027027,0.5098039215686274
zero_trust,srv5,none,0.0,230.0,55,5.5,26,0.7027027027027027,0.25458676990405654
zero_trust,srv5,none,0.0,240.0,44,4.4,25,0.6756756756756757,0.3618691588785047
zero_trust,srv5,none,0.0,250.0,54,5.4,28,0.7567567567567568,0.39151450053705694
zero_trust,srv5,none,0.0,260.0,51,5.1,27,0.7297297297297297,0.7243107769423559
zero_trust,srv5,none,0.0,270.0,67,6.7,26,0.7027027027027027,0.31913834778899475
zero_trust,srv5,none,0.0,280.0,63,6.3,25,0.6756756756756757,0.2751473136915078
zero_trust,srv5,none,0.0,290.0,75,7.5,31,0.8378378378378378,0.2989318169740129
zero_trust,srv5,none,0.0,300.0,63,6.3,31,0.8378378378378378,0.4064516129032258
zero_trust,srv5,none,0.0,310.0,35,3.5,26,0.7027027027027027,0.7248520710059172
zero_trust,srv6,drop,30.0,0.0,0,0.0,0,0.0,
zero_trust,srv6,drop,30.0,10.0,11,1.1,11,0.2972972972972973,1.0
zero_trust,srv6,drop,30.0,20.0,15,1.5,12,0.32432432432432434,0.8928571428571429
zero_trust,srv6,drop,30.0,30.0,14,1.4,14,0.3783783783783784,1.0
zero_trust,srv6,drop,30.0,40.0,2,0.2,2,0.05405405405405406,1.0
zero_trust,srv6,drop,30.0,50.0,2,0.2,2,0.05405405405405406,1.0
zero_trust,srv6,drop,30.0,60.0,2,0.2,2,0.05405405405405406,1.0
zero_trust,srv6,drop,30.0,70.0,2,0.2,2,0.05405405405405406,1.0
zero_trust,srv6,drop,30.0,80.0,2,0.2,2,0.05405405405405406,1.0
zero_trust,srv6,drop,30.0,90.0,2,0.2,2,0.05405405405405406,1.0
zero_trust,srv6,drop,30.0,100.0,2,0.2,1,0.02702702702702703,1.0
zero_trust,srv6,drop,30.0,110.0,2,0.2,2,0.05405405405405406,1.0
zero_trust,srv6,drop,30.0,120.0,2,0.2,2,0.05405405405405406,1.0
zero_trust,srv6,drop,30.0,130.0,2,0.2,2,0.05405405405405406,1.0
zero_trust,srv6,drop,30.0,140.0,1,0.1,1,0.02702702702702703,1.0
zero_trust,srv6,drop,30.0,150.0,2,0.2,1,0.02702702702702703,1.0
zero_trust,srv6,drop,30.0,160.0,2,0.2,1,0.02702702702702703,1.0
zero_trust,srv6,drop,30.0,170.0,2,0.2,2,0.05405405405405406,1.0
zero_trust,srv6,drop,30.0,180.0,2,0.2,2,0.05405405405405406,1.0
zero_trust,srv6,drop,30.0,190.0,2,0.2,2,0.05405405405405406,1.0
zero_trust,srv6,drop,30.0,200.0,2,0.2,2,0.05405405405405406,1.0
zero_trust,srv6,drop,30.0,210.0,2,0.2,1,0.02702702702702703,1.0
zero_trust,srv6,drop,30.0,220.0,1,0.1,1,0.02702702702702703,1.0
zero_trust,srv6,drop,30.0,230.0,2,0.2,2,0.05405405405405406,1.0
zero_trust,srv6,drop,30.0,240.0,2,0.2,2,0.05405405405405406,1.0
zero_trust,srv6,drop,30.0,250.0,2,0.2,2,0.05405405405405406,1.0
zero_trust,srv6,drop,30.0,260.0,2,0.2,2,0.05405405405405406,1.0
zero_trust,srv6,drop,30.0,270.0,2,0.2,2,0.05405405405405406,1.0
zero_trust,srv6,drop,30.0,280.0,2,0.2,2,0.05405405405405406,1.0
zero_trust,srv6,drop,30.0,290.0,2,0.2,2,0.05405405405405406,1.0
zero_trust,srv6,drop,30.0,300.0,2,0.2,2,0.05405405405405406,1.0
zero_trust,srv6,drop,30.0,310.0,2,0.2,1,0.02702702702702703,1.0
zero_trust,srv7,none,0.0,0.0,19,1.9,16,0.43243243243243246,0.8356481481481481
zero_trust,srv7,none,0.0,10.0,40,4.0,28,0.7567567567567568,0.7518796992481203
zero_trust,srv7,none,0.0,20.0,25,2.5,19,0.5135135135135135,0.8434547908232118
zero_trust,srv7,none,0.0,30.0,23,2.3,18,0.4864864864864865,0.8396825396825397
zero_trust,srv7,none,0.0,40.0,25,2.5,20,0.5405405405405406,0.8928571428571429
zero_trust,srv7,none,0.0,50.0,29,2.9,19,0.5135135135135135,0.7502230151650312
zero_trust,srv7,none,0.0,60.0,26,2.6,18,0.4864864864864865,0.7824074074074074
zero_trust,srv7,none,0.0,70.0,36,3.6,20,0.5405405405405406,0.41012658227848103
zero_trust,srv7,none,0.0,80.0,52,5.2,28,0.7567567567567568,0.4092009685230024
zero_trust,srv7,none,0.0,90.0,36,3.6,22,0.5945945945945946,0.4268774703557312
zero_trust,srv7,none,0.0,100.0,41,4.1,23,0.6216216216216216,0.38265422262690646
zero_trust,srv7,none,0.0,110.0,32,3.2,17,0.4594594594594595,0.3812360387192852
zero_trust,srv7,none,0.0,120.0,62,6.2,26,0.7027027027027027,0.4152981849611063
zero_trust,srv7,none,0.0,130.0,37,3.7,21,0.5675675675675675,0.2871827144954898
zero_trust,srv7,none,0.0,140.0,33,3.3,20,0.5405405405405406,0.47347826086956524
zero_trust,srv7,none,0.0,150.0,49,4.9,26,0.7027027027027027,0.5881920627143558
zero_trust,srv7,none,0.0,160.0,41,4.1,21,0.5675675675675675,0.5164362519201229
zero_trust,srv7,none,0.0,170.0,38,3.8,24,0.6486486486486487,0.733739837398374
zero_trust,srv7,none,0.0,180.0,64,6.4,26,0.7027027027027027,0.3680805176132279
zero_trust,srv7,none,0.0,190.0,55,5.5,28,0.7567567567567568,0.39865577227200844
zero_trust,srv7,none,0.0,200.0,46,4.6,25,0.6756756756756757,0.28213333333333335
zero_trust,srv7,none,0.0,210.0,31,3.1,16,0.43243243243243246,0.31120466321243523
zero_trust,srv7,none,0.0,220.0,42,4.2,23,0.6216216216216216,0.4854155200880572
zero_trust,srv7,none,0.0,230.0,51,5.1,30,0.8108108108108109,0.5191616766467065
zero_trust,srv7,none,0.0,240.0,50,5.0,26,0.7027027027027027,0.4074315514993481
zero_trust,srv7,none,0.0,250.0,52,5.2,27,0.7297297297297297,0.316924519456165
zero_trust,srv7,none,0.0,260.0,34,3.4,18,0.4864864864864865,0.5734126984126984
zero_trust,srv7,none,0.0,270.0,53,5.3,21,0.5675675675675675,0.22865282865282865
zero_trust,srv7,none,0.0,280.0,37,3.7,21,0.5675675675675675,0.3243307273158019
zero_trust,srv7,none,0.0,290.0,37,3.7,22,0.5945945945945946,0.44132817537072855
zero_trust,srv7,none,0.0,300.0,41,4.1,22,0.5945945945945946,0.6644268774703558
zero_trust,srv7,none,0.0,310.0,31,3.1,18,0.4864864864864865,0.5392817059483727
zero_trust,srv8,onoff,50.0,0.0,9,0.9,8,0.21621621621621623,0.9204545454545454
zero_trust,srv8,onoff,50.0,10.0,26,2.6,20,0.5405405405405406,0.845
zero_trust,srv8,onoff,50.0,20.0,25,2.5,17,0.4594594594594595,0.8549931600547196
zero_trust,srv8,onoff,50.0,30.0,18,1.8,16,0.43243243243243246,0.9204545454545454
zero_trust,srv8,onoff,50.0,40.0,43,4.3,27,0.7297297297297297,0.8454503886602652
zero_trust,srv8,onoff,50.0,50.0,22,2.2,17,0.4594594594594595,0.8897058823529411
zero_trust,srv8,onoff,50.0,60.0,3,0.3,3,0.08108108108108109,1.0
zero_trust,srv8,onoff,50.0,70.0,23,2.3,16,0.43243243243243246,0.49347014925373134
zero_trust,srv8,onoff,50.0,80.0,2,0.2,2,0.05405405405405406,1.0
zero_trust,srv8,onoff,50.0,90.0,26,2.6,17,0.4594594594594595,0.46238030095759236
zero_trust,srv8,onoff,50.0,100.0,9,0.9,7,0.1891891891891892,0.7714285714285715
zero_trust,srv8,onoff,50.0,110.0,25,2.5,19,0.5135135135135135,0.577100646352724
zero_trust,srv8,onoff,50.0,120.0,3,0.3,3,0.08108108108108109,1.0
zero_trust,srv8,onoff,50.0,130.0,32,3.2,16,0.43243243243243246,0.463768115942029
zero_trust,srv8,onoff,50.0,140.0,1,0.1,1,0.02702702702702703,1.0
zero_trust,srv8,onoff,50.0,150.0,4,0.4,4,0.10810810810810811,1.0
zero_trust,srv8,onoff,50.0,160.0,0,0.0,0,0.0,
zero_trust,srv8,onoff,50.0,170.0,34,3.4,19,0.5135135135135135,0.3456937799043062
zero_trust,srv8,onoff,50.0,180.0,4,0.4,3,0.08108108108108109,0.8888888888888888
zero_trust,srv8,onoff,50.0,190.0,20,2.0,17,0.4594594594594595,0.9049773755656109
zero_trust,srv8,onoff,50.0,200.0,10,1.0,7,0.1891891891891892,0.7936507936507936
zero_trust,srv8,onoff,50.0,210.0,12,1.2,10,0.2702702702702703,0.9
zero_trust,srv8,onoff,50.0,220.0,23,2.3,15,0.40540540540540543,0.5977401129943503
zero_trust,srv8,onoff,50.0,230.0,0,0.0,0,0.0,
zero_trust,srv8,onoff,50.0,240.0,11,1.1,8,0.21621621621621623,0.657608695652174
zero_trust,srv8,onoff,50.0,250.0,1,0.1,1,0.02702702702702703,1.0
zero_trust,srv8,onoff,50.0,260.0,12,1.2,9,0.24324324324324326,0.8888888888888888
zero_trust,srv8,onoff,50.0,270.0,3,0.3,3,0.08108108108108109,1.0
zero_trust,srv8,onoff,50.0,280.0,16,1.6,13,0.35135135135135137,0.7032967032967034
zero_trust,srv8,onoff,50.0,290.0,0,0.0,0,0.0,
zero_trust,srv8,onoff,50.0,300.0,16,1.6,10,0.2702702702702703,0.5333333333333333
zero_trust,srv8,onoff,50.0,310.0,1,0.1,1,0.02702702702702703,1.0
